<?xml version="1.0" encoding="UTF-8"?>
<project-private xmlns="http://www.netbeans.org/ns/project-private/1">
    <editor-bookmarks xmlns="http://www.netbeans.org/ns/editor-bookmarks/2" lastBookmarkId="0"/>
    <open-files xmlns="http://www.netbeans.org/ns/projectui-open-files/2">
        <group>
            <file>file:/D:/UPV/DSE/GitHub/DSE/P6/P6_PWM_V2/main_P6_OCPWM_V2.c</file>
            <file>file:/D:/UPV/DSE/GitHub/DSE/P6/P6_PWM_V2/timers.c</file>
            <file>file:/D:/UPV/DSE/GitHub/DSE/P6/P6_PWM_V2/OCPWM.c</file>
        </group>
    </open-files>
</project-private>
