<?xml version="1.0" encoding="UTF-8"?>
<project-private xmlns="http://www.netbeans.org/ns/project-private/1">
    <editor-bookmarks xmlns="http://www.netbeans.org/ns/editor-bookmarks/2" lastBookmarkId="0"/>
    <open-files xmlns="http://www.netbeans.org/ns/projectui-open-files/2">
        <group>
            <file>file:/D:/MIS%20COSAS/UNIVERSIDAD/DSE/P4/P4_UART_V1_22_23/commons_P4.h</file>
            <file>file:/D:/MIS%20COSAS/UNIVERSIDAD/DSE/P4/P4_UART_V1_22_23/CN.c</file>
            <file>file:/D:/MIS%20COSAS/UNIVERSIDAD/DSE/P4/P4_UART_V1_22_23/main_P4_UART_V1.c</file>
            <file>file:/D:/MIS%20COSAS/UNIVERSIDAD/DSE/P4/P4_UART_V1_22_23/UART2_RS232.h</file>
            <file>file:/D:/MIS%20COSAS/UNIVERSIDAD/DSE/P4/P4_UART_V1_22_23/UART2_RS232.c</file>
            <file>file:/D:/MIS%20COSAS/UNIVERSIDAD/DSE/P4/P4_UART_V1_22_23/timers.c</file>
            <file>file:/D:/MIS%20COSAS/UNIVERSIDAD/DSE/P4/P4_UART_V1_22_23/memoria.c</file>
        </group>
    </open-files>
</project-private>
